id,num,isequip,itemid,descname,desc,hw,statype,stat,statinfo,type,,,,,,,,,,,
0,0,FALSE,3000,던전재료,감염된 농장 보스 재료,10,allstat,50,collectinfoone2/0,0,,,,,,,,,,,
1,1,FALSE,3001,던전재료,늪지대 보스 재료,10,allstat,100,collectinfoone2/1,0,,,,,,,,,,,
2,2,FALSE,3003,던전재료,지하 감옥 보스 재료,10,allstat,150,collectinfoone2/2,0,,,,,,,,,,,
3,3,FALSE,3004,던전재료,화산 보스 재료,10,allstat,200,collectinfoone2/3,0,,,,,,,,,,,
4,4,FALSE,3005,던전재료,마계 중심부 재료,10,allstat,250,collectinfoone2/4,0,,,,,,,,,,,
5,5,FALSE,3006,던전재료,샤이아 재료,10,allstat,300,collectinfoone2/5,0,,,,,,,,,,,
6,6,FALSE,3007,던전재료,고대 드래곤의 마력 뼛조각,10,allstat,350,collectinfoone2/6,0,,,,,,,,,,,
7,7,FALSE,3008,던전재료,제국 금고 열쇠,10,allstat,400,collectinfoone2/7,0,,,,,,,,,,,
8,8,FALSE,3009,던전재료,응축된 마력이 담긴 병,10,allstat,450,collectinfoone2/8,0,,,,,,,,,,,
9,9,FALSE,3010,던전재료,노스 블로우의 심장,10,allstat,500,collectinfoone2/9,0,,,,,,,,,,,
10,10,FALSE,3011,던전재료,공허의 정수,10,allstat,550,collectinfoone2/10,0,,,,,,,,,,,
100,11,TRUE,E1000,T1~5장비,T1 제작 검,1,allstat,20,collectinfoone2/100,100,,,,,,,,,,,
101,12,TRUE,E1001,T1~5장비,T1 제작 활,1,allstat,20,collectinfoone2/101,100,,,,,,,,,,,
102,13,TRUE,E1002,T1~5장비,T1 제작 지팡이,1,allstat,20,collectinfoone2/102,100,,,,,,,,,,,
103,14,TRUE,E1003,T1~5장비,T1 제작 단검,1,allstat,20,collectinfoone2/103,100,,,,,,,,,,,
104,15,TRUE,E1004,T1~5장비,T1 제작 투구,1,allstat,20,collectinfoone2/104,102,,,,,,,,,,,
105,16,TRUE,E1005,T1~5장비,T1 제작 갑옷,1,allstat,20,collectinfoone2/105,103,,,,,,,,,,,
106,17,TRUE,E1006,T1~5장비,T1 제작 장갑,1,allstat,20,collectinfoone2/106,104,,,,,,,,,,,
107,18,TRUE,E1007,T1~5장비,T1 제작 신발,1,allstat,20,collectinfoone2/107,105,,,,,,,,,,,
108,19,TRUE,E1008,T1~5장비,T1 제작 반지,1,allstat,20,collectinfoone2/108,106,,,,,,,,,,,
109,20,TRUE,E1009,T1~5장비,T1 제작 목걸이,1,allstat,20,collectinfoone2/109,107,,,,,,,,,,,
110,21,TRUE,E2000,T1~5장비,T2 제작 검,1,allstat,40,collectinfoone2/110,100,,,,,,,,,,,
111,22,TRUE,E2001,T1~5장비,T2 제작 활,1,allstat,40,collectinfoone2/111,100,,,,,,,,,,,
112,23,TRUE,E2002,T1~5장비,T2 제작 지팡이,1,allstat,40,collectinfoone2/112,100,,,,,,,,,,,
113,24,TRUE,E2003,T1~5장비,T2 제작 단검,1,allstat,40,collectinfoone2/113,100,,,,,,,,,,,
114,25,TRUE,E2004,T1~5장비,T2 제작 투구,1,allstat,40,collectinfoone2/114,102,,,,,,,,,,,
115,26,TRUE,E2005,T1~5장비,T2 제작 갑옷,1,allstat,40,collectinfoone2/115,103,,,,,,,,,,,
116,27,TRUE,E2006,T1~5장비,T2 제작 장갑,1,allstat,40,collectinfoone2/116,104,,,,,,,,,,,
117,28,TRUE,E2007,T1~5장비,T2 제작 신발,1,allstat,40,collectinfoone2/117,105,,,,,,,,,,,
118,29,TRUE,E2008,T1~5장비,T2 제작 반지,1,allstat,40,collectinfoone2/118,106,,,,,,,,,,,
119,30,TRUE,E2009,T1~5장비,T2 제작 목걸이,1,allstat,40,collectinfoone2/119,107,,,,,,,,,,,
120,31,TRUE,E3000,T1~5장비,T3 제작 검,1,allstat,60,collectinfoone2/120,100,,,,,,,,,,,
121,32,TRUE,E3001,T1~5장비,T3 제작 활,1,allstat,60,collectinfoone2/121,100,,,,,,,,,,,
122,33,TRUE,E3002,T1~5장비,T3 제작 지팡이,1,allstat,60,collectinfoone2/122,100,,,,,,,,,,,
123,34,TRUE,E3003,T1~5장비,T3 제작 단검,1,allstat,60,collectinfoone2/123,100,,,,,,,,,,,
124,35,TRUE,E3004,T1~5장비,T3 제작 투구,1,allstat,60,collectinfoone2/124,102,,,,,,,,,,,
125,36,TRUE,E3005,T1~5장비,T3 제작 갑옷,1,allstat,60,collectinfoone2/125,103,,,,,,,,,,,
126,37,TRUE,E3006,T1~5장비,T3 제작 장갑,1,allstat,60,collectinfoone2/126,104,,,,,,,,,,,
127,38,TRUE,E3007,T1~5장비,T3 제작 신발,1,allstat,60,collectinfoone2/127,105,,,,,,,,,,,
128,39,TRUE,E3008,T1~5장비,T3 제작 반지,1,allstat,60,collectinfoone2/128,106,,,,,,,,,,,
129,40,TRUE,E3009,T1~5장비,T3 제작 목걸이,1,allstat,60,collectinfoone2/129,107,,,,,,,,,,,
130,41,TRUE,E4000,T1~5장비,T4 제작 검,1,allstat,80,collectinfoone2/130,100,,,,,,,,,,,
131,42,TRUE,E4001,T1~5장비,T4 제작 활,1,allstat,80,collectinfoone2/131,100,,,,,,,,,,,
132,43,TRUE,E4002,T1~5장비,T4 제작 지팡이,1,allstat,80,collectinfoone2/132,100,,,,,,,,,,,
133,44,TRUE,E4003,T1~5장비,T4 제작 단검,1,allstat,80,collectinfoone2/133,100,,,,,,,,,,,
134,45,TRUE,E4004,T1~5장비,T4 제작 투구,1,allstat,80,collectinfoone2/134,102,,,,,,,,,,,
135,46,TRUE,E4005,T1~5장비,T4 제작 갑옷,1,allstat,80,collectinfoone2/135,103,,,,,,,,,,,
136,47,TRUE,E4006,T1~5장비,T4 제작 장갑,1,allstat,80,collectinfoone2/136,104,,,,,,,,,,,
137,48,TRUE,E4007,T1~5장비,T4 제작 신발,1,allstat,80,collectinfoone2/137,105,,,,,,,,,,,
138,49,TRUE,E4008,T1~5장비,T4 제작 반지,1,allstat,80,collectinfoone2/138,106,,,,,,,,,,,
139,50,TRUE,E4009,T1~5장비,T4 제작 목걸이,1,allstat,80,collectinfoone2/139,107,,,,,,,,,,,
140,51,TRUE,E5000,T1~5장비,T5 제작 검,1,allstat,100,collectinfoone2/140,100,,,,,,,,,,,
141,52,TRUE,E5001,T1~5장비,T5 제작 활,1,allstat,100,collectinfoone2/141,100,,,,,,,,,,,
142,53,TRUE,E5002,T1~5장비,T5 제작 지팡이,1,allstat,100,collectinfoone2/142,100,,,,,,,,,,,
143,54,TRUE,E5003,T1~5장비,T5 제작 단검,1,allstat,100,collectinfoone2/143,100,,,,,,,,,,,
144,55,TRUE,E5004,T1~5장비,T5 제작 투구,1,allstat,100,collectinfoone2/144,102,,,,,,,,,,,
145,56,TRUE,E5005,T1~5장비,T5 제작 갑옷,1,allstat,100,collectinfoone2/145,103,,,,,,,,,,,
146,57,TRUE,E5006,T1~5장비,T5 제작 장갑,1,allstat,100,collectinfoone2/146,104,,,,,,,,,,,
147,58,TRUE,E5007,T1~5장비,T5 제작 신발,1,allstat,100,collectinfoone2/147,105,,,,,,,,,,,
148,59,TRUE,E5008,T1~5장비,T5 제작 반지,1,allstat,100,collectinfoone2/148,106,,,,,,,,,,,
149,60,TRUE,E5009,T1~5장비,T5 제작 목걸이,1,allstat,100,collectinfoone2/149,107,,,,,,,,,,,
150,61,TRUE,E5500,레이즈 무기,레이즈의 대검,1,allstat,120,collectinfoone2/150,100,,,,,,,,,,,
151,62,TRUE,E5501,레이즈 무기,레이즈의 크로스 보우,1,allstat,120,collectinfoone2/151,100,,,,,,,,,,,
152,63,TRUE,E5502,레이즈 무 기,레이즈의 완드,1,allstat,120,collectinfoone2/152,100,,,,,,,,,,,
153,64,TRUE,E5503,레이즈 무 기,레이즈의 단검,1,allstat,120,collectinfoone2/153,100,,,,,,,,,,,
154,65,TRUE,E5504,레이즈 무 기,레이즈의 대검(대성공),1,allstat,140,collectinfoone2/154,100,,,,,,,,,,,
155,66,TRUE,E5505,레이즈 무 기,레이즈의 크로스 보우(대성공),1,allstat,140,collectinfoone2/155,100,,,,,,,,,,,
156,67,TRUE,E5506,레이즈 무 기,레이즈의 지팡이(대성공),1,allstat,140,collectinfoone2/156,100,,,,,,,,,,,
157,68,TRUE,E5507,레이즈 무 기,레이즈의 단검(대성공),1,allstat,140,collectinfoone2/157,100,,,,,,,,,,,
158,69,TRUE,E5510,보조무기,숲의 방패,1,allstat,140,collectinfoone2/158,101,,,,,,,,,,,
159,70,TRUE,E5511,보조무기,숲의 단검,1,allstat,140,collectinfoone2/159,101,,,,,,,,,,,
160,71,TRUE,E5512,보조무기,숲의 마법책,1,allstat,140,collectinfoone2/160,101,,,,,,,,,,,
161,72,TRUE,E5513,보조무기,숲의 방패(대성공),1,allstat,160,collectinfoone2/161,101,,,,,,,,,,,
162,73,TRUE,E5514,보조무기,숲의 단검(대성공),1,allstat,160,collectinfoone2/162,101,,,,,,,,,,,
163,74,TRUE,E5515,보조무기,숲의 마법책(대성공),1,allstat,160,collectinfoone2/163,101,,,,,,,,,,,
164,75,TRUE,E5520,,죽음의 뼈 투구,1,allstat,160,collectinfoone2/164,102,,,,,,,,,,,
165,76,TRUE,E5521,,죽음의 뼈 갑옷,1,allstat,160,collectinfoone2/165,103,,,,,,,,,,,
166,77,TRUE,E5522,,죽음의 뼈 장갑,1,allstat,160,collectinfoone2/166,104,,,,,,,,,,,
167,78,TRUE,E5523,,죽음의 뼈 신발,1,allstat,160,collectinfoone2/167,105,,,,,,,,,,,
168,79,TRUE,E5524,,죽음의 뼈 투구★,1,allstat,180,collectinfoone2/168,102,,,,,,,,,,,
169,80,TRUE,E5525,,죽음의 뼈 갑옷★,1,allstat,180,collectinfoone2/169,103,,,,,,,,,,,
170,81,TRUE,E5526,,죽음의 뼈 장갑★,1,allstat,180,collectinfoone2/170,104,,,,,,,,,,,
171,82,TRUE,E5527,,죽음의 뼈 신발★,1,allstat,180,collectinfoone2/171,105,,,,,,,,,,,
172,83,TRUE,E5528,,불의 보옥 반지,1,allstat,160,collectinfoone2/172,106,,,,,,,,,,,
173,84,TRUE,E5529,,불의 보옥 목걸이,1,allstat,160,collectinfoone2/173,107,,,,,,,,,,,
174,85,TRUE,E5530,,불의 보옥 반지★,1,allstat,180,collectinfoone2/174,106,,,,,,,,,,,
175,86,TRUE,E5531,,불의 보옥 목걸이★,1,allstat,180,collectinfoone2/175,107,,,,,,,,,,,
176,87,TRUE,E5532,,발록의 대검,1,allstat,200,collectinfoone2/176,100,,,,,,,,,,,
177,88,TRUE,E5533,,발록의 활,1,allstat,200,collectinfoone2/177,100,,,,,,,,,,,
178,89,TRUE,E5534,,발록의 지팡이,1,allstat,200,collectinfoone2/178,100,,,,,,,,,,,
179,90,TRUE,E5535,,발록의 단검,1,allstat,200,collectinfoone2/179,100,,,,,,,,,,,
180,91,TRUE,E5536,,발록의 대검★,1,allstat,220,collectinfoone2/180,100,,,,,,,,,,,
181,92,TRUE,E5537,,발록의 활★,1,allstat,220,collectinfoone2/181,100,,,,,,,,,,,
182,93,TRUE,E5538,,발록의 지팡이★,1,allstat,220,collectinfoone2/182,100,,,,,,,,,,,
183,94,TRUE,E5539,,발록의 단검★,1,allstat,220,collectinfoone2/183,100,,,,,,,,,,,
184,95,TRUE,E6000,,염화검(물리),1,allstat,250,collectinfoone2/184,100,,,,,,,,,,,
185,96,TRUE,E6001,,멸화도(평타),1,allstat,250,collectinfoone2/185,100,,,,,,,,,,,
186,97,TRUE,E6002,,블리자드(치명물리),1,allstat,250,collectinfoone2/186,100,,,,,,,,,,,
187,98,TRUE,E6003,,대자연의 지팡이(마법),1,allstat,250,collectinfoone2/187,100,,,,,,,,,,,
188,99,TRUE,E6004,,사신의 낫(상태이상),1,allstat,250,collectinfoone2/188,100,,,,,,,,,,,
189,100,TRUE,E6006,,제왕의 반지,1,allstat,250,collectinfoone2/189,106,,,,,,,,,,,
190,101,TRUE,E6008,,제왕의 반지 ★,1,allstat,260,collectinfoone2/195,106,,,,,,,,,,,
191,102,TRUE,E10000,,제왕의 반지 ★,1,allstat,300,collectinfoone2/201,106,,,,,,,,,,,
192,103,TRUE,E10006,,제왕의 반지 ★,1,allstat,330,collectinfoone2/207,106,,,,,,,,,,,
193,104,TRUE,E10012,,제왕의 반지 ★,1,allstat,380,collectinfoone2/213,106,,,,,,,,,,,
194,105,TRUE,E10018,,제왕의 반지 ★,1,allstat,450,collectinfoone2/219,106,,,,,,,,,,,
195,106,TRUE,E10024,,제왕의 반지 ★,1,allstat,600,collectinfoone2/225,106,,,,,,,,,,,
196,107,TRUE,E6010,,절대 마력의 반지,1,allstat,250,collectinfoone2/190,106,,,,,,,,,,,E6008
197,108,TRUE,E6012,,절대 마력의 반지 ★,1,allstat,260,collectinfoone2/196,106,,,,,,,,,,,
198,109,TRUE,E10001,,절대 마력의 반지 ★,1,allstat,300,collectinfoone2/202,106,,,,,,,,,,,
199,110,TRUE,E10007,,절대 마력의 반지 ★,1,allstat,330,collectinfoone2/208,106,,,,,,,,,,,
200,111,TRUE,E10013,,절대 마력의 반지 ★,1,allstat,380,collectinfoone2/214,106,,,,,,,,,,,
201,112,TRUE,E10019,,절대 마력의 반지 ★,1,allstat,450,collectinfoone2/220,106,,,,,,,,,,,
202,113,TRUE,E10025,,절대 마력의 반지 ★,1,allstat,600,collectinfoone2/226,106,,,,,,,,,,,
203,114,TRUE,E6014,,핏빛 칼날 반지,1,allstat,250,collectinfoone2/191,106,,,,,,,,,,,
204,115,TRUE,E6016,,핏빛 칼날 반지 ★,1,allstat,260,collectinfoone2/197,106,,,,,,,,,,,
205,116,TRUE,E10002,,핏빛 칼날 반지 ★,1,allstat,300,collectinfoone2/203,106,,,,,,,,,,,
206,117,TRUE,E10008,,핏빛 칼날 반지 ★,1,allstat,330,collectinfoone2/209,106,,,,,,,,,,,
207,118,TRUE,E10014,,핏빛 칼날 반지 ★,1,allstat,380,collectinfoone2/215,106,,,,,,,,,,,
208,119,TRUE,E10020,,핏빛 칼날 반지 ★,1,allstat,450,collectinfoone2/221,106,,,,,,,,,,,
209,120,TRUE,E10026,,핏빛 칼날 반지 ★,1,allstat,600,collectinfoone2/227,106,,,,,,,,,,,
210,121,TRUE,E6007,,봉인된 고대 드래곤의 목걸이,1,allstat,250,collectinfoone2/192,107,,,,,,,,,,,
211,122,TRUE,E6009,,봉인된 고대 드래곤의 목걸이★,1,allstat,260,collectinfoone2/198,107,,,,,,,,,,,
212,123,TRUE,E10003,,봉인된 고대 드래곤의 목걸이★,1,allstat,300,collectinfoone2/204,107,,,,,,,,,,,
213,124,TRUE,E10009,,봉인된 고대 드래곤의 목걸이★,1,allstat,330,collectinfoone2/210,107,,,,,,,,,,,
214,125,TRUE,E10015,,봉인된 고대 드래곤의 목걸이★,1,allstat,380,collectinfoone2/216,107,,,,,,,,,,,
215,126,TRUE,E10021,,봉인된 고대 드래곤의 목걸이★,1,allstat,450,collectinfoone2/222,107,,,,,,,,,,,
216,127,TRUE,E10027,,봉인된 고대 드래곤의 목걸이★,1,allstat,600,collectinfoone2/228,107,,,,,,,,,,,
217,128,TRUE,E6011,,투신의 목걸이,1,allstat,250,collectinfoone2/193,107,,,,,,,,,,,
218,129,TRUE,E6013,,투신의 목걸이 ★,1,allstat,260,collectinfoone2/199,107,,,,,,,,,,,
219,130,TRUE,E10004,,투신의 목걸이 ★,1,allstat,300,collectinfoone2/205,107,,,,,,,,,,,
220,131,TRUE,E10010,,투신의 목걸이 ★,1,allstat,330,collectinfoone2/211,107,,,,,,,,,,,
221,132,TRUE,E10016,,투신의 목걸이 ★,1,allstat,380,collectinfoone2/217,107,,,,,,,,,,,
222,133,TRUE,E10022,,투신의 목걸이 ★,1,allstat,450,collectinfoone2/223,107,,,,,,,,,,,
223,134,TRUE,E10028,,투신의 목걸이 ★,1,allstat,600,collectinfoone2/229,107,,,,,,,,,,,
224,135,TRUE,E6015,,핏빛 칼날 목걸이,1,allstat,250,collectinfoone2/194,107,,,,,,,,,,,
225,136,TRUE,E6017,,핏빛 칼날 목걸이 ★,1,allstat,260,collectinfoone2/200,107,,,,,,,,,,,
226,137,TRUE,E10005,,핏빛 칼날 목걸이 ★,1,allstat,300,collectinfoone2/206,107,,,,,,,,,,,
227,138,TRUE,E10011,,핏빛 칼날 목걸이 ★,1,allstat,330,collectinfoone2/212,107,,,,,,,,,,,
228,139,TRUE,E10017,,핏빛 칼날 목걸이 ★,1,allstat,380,collectinfoone2/218,107,,,,,,,,,,,
229,140,TRUE,E10023,,핏빛 칼날 목걸이 ★,1,allstat,450,collectinfoone2/224,107,,,,,,,,,,,
230,141,TRUE,E10029,,핏빛 칼날 목걸이 ★,1,allstat,600,collectinfoone2/230,107,,,,,,,,,,,
231,142,TRUE,E6020,,사무라이 투구,1,allstat,250,collectinfoone2/231,102,,,,,,,,,,,
232,143,TRUE,E6021,,사무라이 갑옷,1,allstat,250,collectinfoone2/232,103,,,,,,,,,,,
233,144,TRUE,E6022,,사무라이 장갑,1,allstat,250,collectinfoone2/233,104,,,,,,,,,,,
234,145,TRUE,E6023,,사무라이 신발,1,allstat,250,collectinfoone2/234,105,,,,,,,,,,,
235,146,TRUE,E6024,,사무라이 투구★,1,allstat,260,collectinfoone2/235,102,,,,,,,,,,,
236,147,TRUE,E6025,,사무라이 갑옷★,1,allstat,260,collectinfoone2/236,103,,,,,,,,,,,
237,148,TRUE,E6026,,사무라이 장갑★,1,allstat,260,collectinfoone2/237,104,,,,,,,,,,,
238,149,TRUE,E6027,,사무라이 신발★,1,allstat,260,collectinfoone2/238,105,,,,,,,,,,,
239,150,TRUE,E20000,,사무라이 투구Ⅰ★,1,allstat,300,collectinfoone2/239,102,,,,,,,,,,,
240,151,TRUE,E20001,,사무라이 투구Ⅱ★,1,allstat,330,collectinfoone2/240,102,,,,,,,,,,,
241,152,TRUE,E20002,,사무라이 투구Ⅲ★,1,allstat,380,collectinfoone2/241,102,,,,,,,,,,,
242,153,TRUE,E20003,,사무라이 투구Ⅳ★,1,allstat,450,collectinfoone2/242,102,,,,,,,,,,,
243,154,TRUE,E20004,,사무라이 투구Ⅴ★,1,allstat,600,collectinfoone2/243,102,,,,,,,,,,,
244,155,TRUE,E20005,,사무라이 갑옷Ⅰ★,1,allstat,300,collectinfoone2/244,103,,,,,,,,,,,
245,156,TRUE,E20006,,사무라이 갑옷Ⅱ★,1,allstat,330,collectinfoone2/245,103,,,,,,,,,,,
246,157,TRUE,E20007,,사무라이 갑옷Ⅲ★,1,allstat,380,collectinfoone2/246,103,,,,,,,,,,,
247,158,TRUE,E20008,,사무라이 갑옷Ⅳ★,1,allstat,450,collectinfoone2/247,103,,,,,,,,,,,
248,159,TRUE,E20009,,사무라이 갑옷Ⅴ★,1,allstat,600,collectinfoone2/248,103,,,,,,,,,,,
249,160,TRUE,E20010,,사무라이 장갑Ⅰ★,1,allstat,300,collectinfoone2/249,104,,,,,,,,,,,
250,161,TRUE,E20011,,사무라이 장갑Ⅱ★,1,allstat,330,collectinfoone2/250,104,,,,,,,,,,,
251,162,TRUE,E20012,,사무라이 장갑Ⅲ★,1,allstat,380,collectinfoone2/251,104,,,,,,,,,,,
252,163,TRUE,E20013,,사무라이 장갑Ⅳ★,1,allstat,450,collectinfoone2/252,104,,,,,,,,,,,
253,164,TRUE,E20014,,사무라이 장갑Ⅴ★,1,allstat,600,collectinfoone2/253,104,,,,,,,,,,,
254,165,TRUE,E20015,,사무라이 신발Ⅰ★,1,allstat,300,collectinfoone2/254,105,,,,,,,,,,,
255,166,TRUE,E20016,,사무라이 신발Ⅱ★,1,allstat,330,collectinfoone2/255,105,,,,,,,,,,,
256,167,TRUE,E20017,,사무라이 신발Ⅲ★,1,allstat,380,collectinfoone2/256,105,,,,,,,,,,,
257,168,TRUE,E20018,,사무라이 신발Ⅳ★,1,allstat,450,collectinfoone2/257,105,,,,,,,,,,,
258,169,TRUE,E20019,,사무라이 신발Ⅴ★,1,allstat,600,collectinfoone2/258,105,,,,,,,,,,,
259,170,TRUE,E6028,,대마법사의 투구,1,allstat,250,collectinfoone2/259,102,,,,,,,,,,,
260,171,TRUE,E6029,,대마법사의 갑옷,1,allstat,250,collectinfoone2/260,103,,,,,,,,,,,
261,172,TRUE,E6030,,대마법사의 장갑,1,allstat,250,collectinfoone2/261,104,,,,,,,,,,,
262,173,TRUE,E6031,,대마법사의 신발,1,allstat,250,collectinfoone2/262,105,,,,,,,,,,,
263,174,TRUE,E6032,,대마법사의 투구★,1,allstat,260,collectinfoone2/263,102,,,,,,,,,,,
264,175,TRUE,E6033,,대마법사의 갑옷★,1,allstat,260,collectinfoone2/264,103,,,,,,,,,,,
265,176,TRUE,E6034,,대마법사의 장갑★,1,allstat,260,collectinfoone2/265,104,,,,,,,,,,,
266,177,TRUE,E6035,,대마법사의 신발★,1,allstat,260,collectinfoone2/266,105,,,,,,,,,,,
267,178,TRUE,E20020,,대 마법사의 투구Ⅰ★,1,allstat,300,collectinfoone2/267,102,,,,,,,,,,,
268,179,TRUE,E20021,,대 마법사의 투구Ⅱ★,1,allstat,330,collectinfoone2/268,102,,,,,,,,,,,
269,180,TRUE,E20022,,대 마법사의 투구Ⅲ★,1,allstat,380,collectinfoone2/269,102,,,,,,,,,,,
270,181,TRUE,E20023,,대 마법사의 투구Ⅳ★,1,allstat,450,collectinfoone2/270,102,,,,,,,,,,,
271,182,TRUE,E20024,,대 마법사의 투구Ⅴ★,1,allstat,600,collectinfoone2/271,102,,,,,,,,,,,
272,183,TRUE,E20025,,대 마법사의 갑옷Ⅰ★,1,allstat,300,collectinfoone2/272,103,,,,,,,,,,,
273,184,TRUE,E20026,,대 마법사의 갑옷Ⅱ★,1,allstat,330,collectinfoone2/273,103,,,,,,,,,,,
274,185,TRUE,E20027,,대 마법사의 갑옷Ⅲ★,1,allstat,380,collectinfoone2/274,103,,,,,,,,,,,
275,186,TRUE,E20028,,대 마법사의 갑옷Ⅳ★,1,allstat,450,collectinfoone2/275,103,,,,,,,,,,,
276,187,TRUE,E20029,,대 마법사의 갑옷Ⅴ★,1,allstat,600,collectinfoone2/276,103,,,,,,,,,,,
277,188,TRUE,E20030,,대 마법사의 장갑Ⅰ★,1,allstat,300,collectinfoone2/277,104,,,,,,,,,,,
278,189,TRUE,E20031,,대 마법사의 장갑Ⅱ★,1,allstat,330,collectinfoone2/278,104,,,,,,,,,,,
279,190,TRUE,E20032,,대 마법사의 장갑Ⅲ★,1,allstat,380,collectinfoone2/279,104,,,,,,,,,,,
280,191,TRUE,E20033,,대 마법사의 장갑Ⅳ★,1,allstat,450,collectinfoone2/280,104,,,,,,,,,,,
281,192,TRUE,E20034,,대 마법사의 장갑Ⅴ★,1,allstat,600,collectinfoone2/281,104,,,,,,,,,,,
282,193,TRUE,E20035,,대 마법사의 신발Ⅰ★,1,allstat,300,collectinfoone2/282,105,,,,,,,,,,,
283,194,TRUE,E20036,,대 마법사의 신발Ⅱ★,1,allstat,330,collectinfoone2/283,105,,,,,,,,,,,
284,195,TRUE,E20037,,대 마법사의 신발Ⅲ★,1,allstat,380,collectinfoone2/284,105,,,,,,,,,,,
285,196,TRUE,E20038,,대 마법사의 신발Ⅳ★,1,allstat,450,collectinfoone2/285,105,,,,,,,,,,,
286,197,TRUE,E20039,,대 마법사의 신발Ⅴ★,1,allstat,600,collectinfoone2/286,105,,,,,,,,,,,
287,198,TRUE,E6036,,독룡의 투구,1,allstat,250,collectinfoone2/287,102,,,,,,,,,,,
288,199,TRUE,E6037,,독룡의 갑옷,1,allstat,250,collectinfoone2/288,103,,,,,,,,,,,
289,200,TRUE,E6038,,독룡의 장갑,1,allstat,250,collectinfoone2/289,104,,,,,,,,,,,
290,201,TRUE,E6039,,독룡의 신발,1,allstat,250,collectinfoone2/290,105,,,,,,,,,,,
291,202,TRUE,E6040,,독룡의 투구★,1,allstat,260,collectinfoone2/291,102,,,,,,,,,,,
292,203,TRUE,E6041,,독룡의 갑옷★,1,allstat,260,collectinfoone2/292,103,,,,,,,,,,,
293,204,TRUE,E6042,,독룡의 장갑★,1,allstat,260,collectinfoone2/293,104,,,,,,,,,,,
294,205,TRUE,E6043,,독룡의 신발★,1,allstat,260,collectinfoone2/294,105,,,,,,,,,,,
295,206,TRUE,E20040,,독룡의 투구Ⅰ★,1,allstat,300,collectinfoone2/295,102,,,,,,,,,,,
296,207,TRUE,E20041,,독룡의 투구Ⅱ★,1,allstat,330,collectinfoone2/296,102,,,,,,,,,,,
297,208,TRUE,E20042,,독룡의 투구Ⅲ★,1,allstat,380,collectinfoone2/297,102,,,,,,,,,,,
298,209,TRUE,E20043,,독룡의 투구Ⅳ★,1,allstat,450,collectinfoone2/298,102,,,,,,,,,,,
299,210,TRUE,E20044,,독룡의 투구Ⅴ★,1,allstat,600,collectinfoone2/299,102,,,,,,,,,,,
300,211,TRUE,E20045,,독룡의 갑옷Ⅰ★,1,allstat,300,collectinfoone2/300,103,,,,,,,,,,,
301,212,TRUE,E20046,,독룡의 갑옷Ⅱ★,1,allstat,330,collectinfoone2/301,103,,,,,,,,,,,
302,213,TRUE,E20047,,독룡의 갑옷Ⅲ★,1,allstat,380,collectinfoone2/302,103,,,,,,,,,,,
303,214,TRUE,E20048,,독룡의 갑옷Ⅳ★,1,allstat,450,collectinfoone2/303,103,,,,,,,,,,,
304,215,TRUE,E20049,,독룡의 갑옷Ⅴ★,1,allstat,600,collectinfoone2/304,103,,,,,,,,,,,
305,216,TRUE,E20050,,독룡의 장갑Ⅰ★,1,allstat,300,collectinfoone2/305,104,,,,,,,,,,,
306,217,TRUE,E20051,,독룡의 장갑Ⅱ★,1,allstat,330,collectinfoone2/306,104,,,,,,,,,,,
307,218,TRUE,E20052,,독룡의 장갑Ⅲ★,1,allstat,380,collectinfoone2/307,104,,,,,,,,,,,
308,219,TRUE,E20053,,독룡의 장갑Ⅳ★,1,allstat,450,collectinfoone2/308,104,,,,,,,,,,,
309,220,TRUE,E20054,,독룡의 장갑Ⅴ★,1,allstat,600,collectinfoone2/309,104,,,,,,,,,,,
310,221,TRUE,E20055,,독룡의 신발Ⅰ★,1,allstat,300,collectinfoone2/310,105,,,,,,,,,,,
311,222,TRUE,E20056,,독룡의 신발Ⅱ★,1,allstat,330,collectinfoone2/311,105,,,,,,,,,,,
312,223,TRUE,E20057,,독룡의 신발Ⅲ★,1,allstat,380,collectinfoone2/312,105,,,,,,,,,,,
313,224,TRUE,E20058,,독룡의 신발Ⅳ★,1,allstat,450,collectinfoone2/313,105,,,,,,,,,,,
314,225,TRUE,E20059,,독룡의 신발Ⅴ★,1,allstat,600,collectinfoone2/314,105,,,,,,,,,,,
315,226,TRUE,E6044,악몽 보조,카이트 실드,1,allstat,290,collectinfoone2/315,101,,,,,,,,,,,
316,227,TRUE,E6045,악몽 보조,사브레,1,allstat,290,collectinfoone2/316,101,,,,,,,,,,,
317,228,TRUE,E6046,악몽 보조,불의 정령,1,allstat,290,collectinfoone2/317,101,,,,,,,,,,,
318,229,TRUE,E6047,악몽 보조,횃불,1,allstat,290,collectinfoone2/318,101,,,,,,,,,,,
319,230,TRUE,E6048,악몽 보조,카이트 실드★,1,allstat,400,collectinfoone2/319,101,,,,,,,,,,,
320,231,TRUE,E6049,악몽 보조,사브레★,1,allstat,400,collectinfoone2/320,101,,,,,,,,,,,
321,232,TRUE,E6050,악몽 보조,불의 정령★,1,allstat,400,collectinfoone2/321,101,,,,,,,,,,,
322,233,TRUE,E6051,악몽 보조,횃불★,1,allstat,400,collectinfoone2/322,101,,,,,,,,,,,
323,234,TRUE,E6052,악몽 무기,청파검(물리),1,allstat,330,collectinfoone2/323,100,,,,,,,,,,,
324,235,TRUE,E6053,악몽 무기,슬레이어(물리),1,allstat,330,collectinfoone2/324,100,,,,,,,,,,,
325,236,TRUE,E6054,악몽 무기,청화도(평타),1,allstat,330,collectinfoone2/325,100,,,,,,,,,,,
326,237,TRUE,E6055,악몽 무기,헬파이어(치명물리),1,allstat,330,collectinfoone2/326,100,,,,,,,,,,,
327,238,TRUE,E6056,악몽 무기,이그니시아(마법),1,allstat,330,collectinfoone2/327,100,,,,,,,,,,,
328,239,TRUE,E6057,악몽 무기,립헬,1,allstat,330,collectinfoone2/328,100,,,,,,,,,,,
329,240,TRUE,E6058,악몽 무기,러브(마법) 사냥용,1,allstat,330,collectinfoone2/329,100,,,,,,,,,,,
330,241,TRUE,E6059,악몽 무기,라그나로크(스킬 사용 시 플레임),1,allstat,330,collectinfoone2/330,100,,,,,,,,,,,
1000,242,FALSE,90000,유물,갑옷 조각,10,allstat,100,collectinfoone2/331,2,,,,,,,,,,,
1001,243,FALSE,90000,유물,갑옷 조각,30,allstat,250,collectinfoone2/331,2,,,,,,,,,,,
1002,244,FALSE,90000,유물,갑옷 조각,60,allstat,400,collectinfoone2/331,2,,,,,,,,,,,
1003,245,FALSE,90000,유물,갑옷 조각,100,allstat,600,collectinfoone2/331,2,,,,,,,,,,,
1004,246,FALSE,90001,유물,거울,10,allstat,100,collectinfoone2/332,2,,,,,,,,,,,
1005,247,FALSE,90001,유물,거울,30,allstat,250,collectinfoone2/332,2,,,,,,,,,,,
1006,248,FALSE,90001,유물,거울,60,allstat,400,collectinfoone2/332,2,,,,,,,,,,,
1007,249,FALSE,90001,유물,거울,100,allstat,600,collectinfoone2/332,2,,,,,,,,,,,
1008,250,FALSE,90002,유물,금닢,10,allstat,100,collectinfoone2/333,2,,,,,,,,,,,
1009,251,FALSE,90002,유물,금닢,30,allstat,250,collectinfoone2/333,2,,,,,,,,,,,
1010,252,FALSE,90002,유물,금닢,60,allstat,400,collectinfoone2/333,2,,,,,,,,,,,
1011,253,FALSE,90002,유물,금닢,100,allstat,600,collectinfoone2/333,2,,,,,,,,,,,
1012,254,FALSE,90003,유물,독병,10,allstat,100,collectinfoone2/334,2,,,,,,,,,,,
1013,255,FALSE,90003,유물,독병,30,allstat,250,collectinfoone2/334,2,,,,,,,,,,,
1014,256,FALSE,90003,유물,독병,60,allstat,400,collectinfoone2/334,2,,,,,,,,,,,
1015,257,FALSE,90003,유물,독병,100,allstat,600,collectinfoone2/334,2,,,,,,,,,,,
1016,258,FALSE,90004,유물,오리,10,allstat,100,collectinfoone2/335,2,,,,,,,,,,,
1017,259,FALSE,90004,유물,오리,30,allstat,250,collectinfoone2/335,2,,,,,,,,,,,
1018,260,FALSE,90004,유물,오리,60,allstat,400,collectinfoone2/335,2,,,,,,,,,,,
1019,261,FALSE,90004,유물,오리,100,allstat,600,collectinfoone2/335,2,,,,,,,,,,,
1020,262,FALSE,90005,유물,마녀의 빗자루,10,allstat,100,collectinfoone2/336,2,,,,,,,,,,,
1021,263,FALSE,90005,유물,마녀의 빗자루,30,allstat,250,collectinfoone2/336,2,,,,,,,,,,,
1022,264,FALSE,90005,유물,마녀의 빗자루,60,allstat,400,collectinfoone2/336,2,,,,,,,,,,,
1023,265,FALSE,90005,유물,마녀의 빗자루,100,allstat,600,collectinfoone2/336,2,,,,,,,,,,,
1024,266,FALSE,90006,유물,양초,10,allstat,100,collectinfoone2/337,2,,,,,,,,,,,
1025,267,FALSE,90006,유물,양초,30,allstat,250,collectinfoone2/337,2,,,,,,,,,,,
1026,268,FALSE,90006,유물,양초,60,allstat,400,collectinfoone2/337,2,,,,,,,,,,,
1027,269,FALSE,90006,유물,양초,100,allstat,600,collectinfoone2/337,2,,,,,,,,,,,
1028,270,FALSE,90007,유물,죄수의 족쇄,10,allstat,100,collectinfoone2/338,2,,,,,,,,,,,
1029,271,FALSE,90007,유물,죄수의 족쇄,30,allstat,250,collectinfoone2/338,2,,,,,,,,,,,
1030,272,FALSE,90007,유물,죄수의 족쇄,60,allstat,400,collectinfoone2/338,2,,,,,,,,,,,
1031,273,FALSE,90007,유물,죄수의 족쇄,100,allstat,600,collectinfoone2/338,2,,,,,,,,,,,
1032,274,FALSE,90008,유물,피닉스의 부리,10,allstat,100,collectinfoone2/339,2,,,,,,,,,,,
1033,275,FALSE,90008,유물,피닉스의 부리,30,allstat,250,collectinfoone2/339,2,,,,,,,,,,,
1034,276,FALSE,90008,유물,피닉스의 부리,60,allstat,400,collectinfoone2/339,2,,,,,,,,,,,
1035,277,FALSE,90008,유물,피닉스의 부리,100,allstat,600,collectinfoone2/339,2,,,,,,,,,,,
1036,278,FALSE,2908,레이드,레이드,500,allstat,300,collectinfoone2/339,1,,,,,,,,,,,
1037,279,FALSE,2908,레이드,레이드,500,allstat,300,collectinfoone2/339,1,,,,,,,,,,,
1038,280,FALSE,2908,레이드,레이드,500,allstat,300,collectinfoone2/339,1,,,,,,,,,,,
1039,281,FALSE,2908,레이드,레이드,500,allstat,300,collectinfoone2/339,1,,,,,,,,,,,
1040,282,FALSE,2908,레이드,레이드,500,allstat,300,collectinfoone2/339,1,,,,,,,,,,,
1041,283,FALSE,2908,레이드,레이드,500,allstat,300,collectinfoone2/339,1,,,,,,,,,,,
1042,284,FALSE,2908,레이드,레이드,500,allstat,300,collectinfoone2/339,1,,,,,,,,,,,
1043,285,FALSE,2908,레이드,레이드,500,allstat,300,collectinfoone2/339,1,,,,,,,,,,,
1044,286,FALSE,2908,레이드,레이드,500,allstat,300,collectinfoone2/339,1,,,,,,,,,,,
1045,287,FALSE,2908,레이드,레이드,500,allstat,300,collectinfoone2/339,1,,,,,,,,,,,
1046,288,FALSE,2908,레이드,레이드,500,allstat,300,collectinfoone2/339,1,,,,,,,,,,,
1047,289,FALSE,2908,레이드,레이드,500,allstat,300,collectinfoone2/339,1,,,,,,,,,,,
1048,290,FALSE,2908,레이드,레이드,500,allstat,300,collectinfoone2/339,1,,,,,,,,,,,
1049,291,FALSE,2908,레이드,레이드,500,allstat,300,collectinfoone2/339,1,,,,,,,,,,,
1050,292,FALSE,2908,레이드,레이드,500,allstat,300,collectinfoone2/339,1,,,,,,,,,,,
1051,293,FALSE,2908,레이드,레이드,500,allstat,300,collectinfoone2/339,1,,,,,,,,,,,
1052,294,FALSE,2908,레이드,레이드,500,allstat,300,collectinfoone2/339,1,,,,,,,,,,,
1053,295,FALSE,2908,레이드,레이드,500,allstat,300,collectinfoone2/339,1,,,,,,,,,,,
1054,296,FALSE,2908,레이드,레이드,500,allstat,300,collectinfoone2/339,1,,,,,,,,,,,
1055,297,FALSE,2908,레이드,레이드,500,allstat,300,collectinfoone2/339,1,,,,,,,,,,,
1056,298,FALSE,2908,레이드,레이드,500,allstat,300,collectinfoone2/339,1,,,,,,,,,,,
1057,299,FALSE,2908,레이드,레이드,500,allstat,300,collectinfoone2/339,1,,,,,,,,,,,
1058,300,FALSE,2908,레이드,레이드,500,allstat,300,collectinfoone2/339,1,,,,,,,,,,,
1059,301,FALSE,2908,레이드,레이드,500,allstat,300,collectinfoone2/339,1,,,,,,,,,,,
1060,302,FALSE,2908,레이드,레이드,500,allstat,300,collectinfoone2/339,1,,,,,,,,,,,
1061,303,FALSE,2908,레이드,레이드,500,allstat,300,collectinfoone2/339,1,,,,,,,,,,,
1062,304,FALSE,2908,레이드,레이드,500,allstat,300,collectinfoone2/339,1,,,,,,,,,,,
1063,305,FALSE,2908,레이드,레이드,500,allstat,300,collectinfoone2/339,1,,,,,,,,,,,
1064,306,FALSE,2908,레이드,레이드,500,allstat,300,collectinfoone2/339,1,,,,,,,,,,,
1065,307,FALSE,2908,레이드,레이드,500,allstat,300,collectinfoone2/339,1,,,,,,,,,,,
1066,308,FALSE,2908,레이드,레이드,500,allstat,300,collectinfoone2/339,1,,,,,,,,,,,
1067,309,FALSE,2908,레이드,레이드,500,allstat,300,collectinfoone2/339,1,,,,,,,,,,,
1068,310,FALSE,2908,레이드,레이드,500,allstat,300,collectinfoone2/339,1,,,,,,,,,,,
1069,311,FALSE,2908,레이드,레이드,500,allstat,300,collectinfoone2/339,1,,,,,,,,,,,
1070,312,FALSE,2908,레이드,레이드,500,allstat,300,collectinfoone2/339,1,,,,,,,,,,,
1071,313,FALSE,2908,레이드,레이드,500,allstat,300,collectinfoone2/339,1,,,,,,,,,,,
1072,314,FALSE,2908,레이드,레이드,500,allstat,300,collectinfoone2/339,1,,,,,,,,,,,
1073,315,FALSE,2908,레이드,레이드,500,allstat,300,collectinfoone2/339,1,,,,,,,,,,,
1074,316,FALSE,2908,레이드,레이드,500,allstat,300,collectinfoone2/339,1,,,,,,,,,,,
1075,317,FALSE,2908,레이드,레이드,500,allstat,300,collectinfoone2/339,1,,,,,,,,,,,
1076,318,FALSE,2908,레이드,레이드,500,allstat,300,collectinfoone2/339,1,,,,,,,,,,,
1077,319,FALSE,2908,레이드,레이드,500,allstat,300,collectinfoone2/339,1,,,,,,,,,,,
1078,320,FALSE,2908,레이드,레이드,500,allstat,300,collectinfoone2/339,1,,,,,,,,,,,
1079,321,FALSE,2908,레이드,레이드,500,allstat,300,collectinfoone2/339,1,,,,,,,,,,,
1080,322,FALSE,2908,레이드,레이드,500,allstat,300,collectinfoone2/339,1,,,,,,,,,,,
1081,323,FALSE,2908,레이드,레이드,500,allstat,300,collectinfoone2/339,1,,,,,,,,,,,
1082,324,FALSE,2908,레이드,레이드,500,allstat,300,collectinfoone2/339,1,,,,,,,,,,,
1083,325,FALSE,2908,레이드,레이드,500,allstat,300,collectinfoone2/339,1,,,,,,,,,,,
1084,326,FALSE,2908,레이드,레이드,500,allstat,300,collectinfoone2/339,1,,,,,,,,,,,
1085,327,FALSE,2908,레이드,레이드,500,allstat,300,collectinfoone2/339,1,,,,,,,,,,,
1086,328,FALSE,2908,레이드,레이드,500,allstat,300,collectinfoone2/339,1,,,,,,,,,,,
1087,329,FALSE,80000,스킬북,평타 강화,1,allstat,150,collectinfoone2/339,4,,,,,,,,,,,
1088,330,FALSE,80000,스킬북,평타 강화,2,allstat,300,collectinfoone2/339,4,,,,,,,,,,,
1089,331,FALSE,80000,스킬북,평타 강화,3,allstat,450,collectinfoone2/339,4,,,,,,,,,,,
1090,332,FALSE,80000,스킬북,평타 강화,4,allstat,600,collectinfoone2/339,4,,,,,,,,,,,
1091,333,FALSE,80001,스킬북,그레이트 샤우트,1,allstat,150,collectinfoone2/339,4,,,,,,,,,,,
1092,334,FALSE,80001,스킬북,그레이트 샤우트,2,allstat,300,collectinfoone2/339,4,,,,,,,,,,,
1093,335,FALSE,80001,스킬북,그레이트 샤우트,3,allstat,450,collectinfoone2/339,4,,,,,,,,,,,
1094,336,FALSE,80001,스킬북,그레이트 샤우트,4,allstat,600,collectinfoone2/339,4,,,,,,,,,,,
1095,337,FALSE,80002,스킬북,그레이트 블레싱,1,allstat,150,collectinfoone2/339,4,,,,,,,,,,,
1096,338,FALSE,80002,스킬북,그레이트 블레싱,2,allstat,300,collectinfoone2/339,4,,,,,,,,,,,
1097,339,FALSE,80002,스킬북,그레이트 블레싱,3,allstat,450,collectinfoone2/339,4,,,,,,,,,,,
1098,340,FALSE,80002,스킬북,그레이트 블레싱,4,allstat,600,collectinfoone2/339,4,,,,,,,,,,,
1099,341,FALSE,80003,스킬북,그레이드 샤프아이,1,allstat,150,collectinfoone2/339,4,,,,,,,,,,,
1100,342,FALSE,80003,스킬북,그레이드 샤프아이,2,allstat,300,collectinfoone2/339,4,,,,,,,,,,,
1101,343,FALSE,80003,스킬북,그레이드 샤프아이,3,allstat,450,collectinfoone2/339,4,,,,,,,,,,,
1102,344,FALSE,80003,스킬북,그레이드 샤프아이,4,allstat,600,collectinfoone2/339,4,,,,,,,,,,,
1103,345,FALSE,80004,스킬북,매직 캐스터,1,allstat,150,collectinfoone2/339,4,,,,,,,,,,,
1104,346,FALSE,80004,스킬북,매직 캐스터,2,allstat,300,collectinfoone2/339,4,,,,,,,,,,,
1105,347,FALSE,80004,스킬북,매직 캐스터,3,allstat,450,collectinfoone2/339,4,,,,,,,,,,,
1106,348,FALSE,80004,스킬북,매직 캐스터,4,allstat,600,collectinfoone2/339,4,,,,,,,,,,,
1107,349,FALSE,80005,스킬북,메테오스트라이크,1,allstat,200,collectinfoone2/339,4,,,,,,,,,,,
1108,350,FALSE,80005,스킬북,메테오스트라이크,2,allstat,400,collectinfoone2/339,4,,,,,,,,,,,
1109,351,FALSE,80005,스킬북,메테오스트라이크,3,allstat,600,collectinfoone2/339,4,,,,,,,,,,,
1110,352,FALSE,80005,스킬북,메테오스트라이크,4,allstat,800,collectinfoone2/339,4,,,,,,,,,,,
1111,353,FALSE,80006,스킬북,다크스트라이크,1,allstat,200,collectinfoone2/339,4,,,,,,,,,,,
1112,354,FALSE,80006,스킬북,다크스트라이크,2,allstat,400,collectinfoone2/339,4,,,,,,,,,,,
1113,355,FALSE,80006,스킬북,다크스트라이크,3,allstat,600,collectinfoone2/339,4,,,,,,,,,,,
1114,356,FALSE,80006,스킬북,다크스트라이크,4,allstat,800,collectinfoone2/339,4,,,,,,,,,,,
1115,357,FALSE,80007,스킬북,시체 폭발 - 그린,1,allstat,200,collectinfoone2/339,4,,,,,,,,,,,
1116,358,FALSE,80007,스킬북,시체 폭발 - 그린,2,allstat,400,collectinfoone2/339,4,,,,,,,,,,,
1117,359,FALSE,80007,스킬북,시체 폭발 - 그린,3,allstat,600,collectinfoone2/339,4,,,,,,,,,,,
1118,360,FALSE,80007,스킬북,시체 폭발 - 그린,4,allstat,800,collectinfoone2/339,4,,,,,,,,,,,
1119,361,FALSE,80008,스킬북,시체 폭발 - 레드,1,allstat,200,collectinfoone2/339,4,,,,,,,,,,,
1120,362,FALSE,80008,스킬북,시체 폭발 - 레드,2,allstat,400,collectinfoone2/339,4,,,,,,,,,,,
1121,363,FALSE,80008,스킬북,시체 폭발 - 레드,3,allstat,600,collectinfoone2/339,4,,,,,,,,,,,
1122,364,FALSE,80008,스킬북,시체 폭발 - 레드,4,allstat,800,collectinfoone2/339,4,,,,,,,,,,,
1123,365,FALSE,80009,스킬북,시체 폭발 - 퍼플,1,allstat,300,collectinfoone2/339,4,,,,,,,,,,,
1124,366,FALSE,80009,스킬북,시체 폭발 - 퍼플,2,allstat,600,collectinfoone2/339,4,,,,,,,,,,,
1125,367,FALSE,80009,스킬북,시체 폭발 - 퍼플,3,allstat,900,collectinfoone2/339,4,,,,,,,,,,,
1126,368,FALSE,80009,스킬북,시체 폭발 - 퍼플,4,allstat,1200,collectinfoone2/339,4,,,,,,,,,,,
1127,369,FALSE,80010,스킬북,차원참,1,allstat,300,collectinfoone2/339,4,,,,,,,,,,,
1128,370,FALSE,80010,스킬북,차원참,2,allstat,600,collectinfoone2/339,4,,,,,,,,,,,
1129,371,FALSE,80010,스킬북,차원참,3,allstat,900,collectinfoone2/339,4,,,,,,,,,,,
1130,372,FALSE,80010,스킬북,차원참,4,allstat,1200,collectinfoone2/339,4,,,,,,,,,,,
1131,373,FALSE,80011,스킬북,드래곤 브레스,1,allstat,300,collectinfoone2/339,4,,,,,,,,,,,
1132,374,FALSE,80011,스킬북,드래곤 브레스,2,allstat,600,collectinfoone2/339,4,,,,,,,,,,,
1133,375,FALSE,80011,스킬북,드래곤 브레스,3,allstat,900,collectinfoone2/339,4,,,,,,,,,,,
1134,376,FALSE,80011,스킬북,드래곤 브레스,4,allstat,1200,collectinfoone2/339,4,,,,,,,,,,,
1135,377,FALSE,80012,스킬북,피어싱,1,allstat,300,collectinfoone2/339,4,,,,,,,,,,,
1136,378,FALSE,80012,스킬북,피어싱,2,allstat,600,collectinfoone2/339,4,,,,,,,,,,,
1137,379,FALSE,80012,스킬북,피어싱,3,allstat,900,collectinfoone2/339,4,,,,,,,,,,,
1138,380,FALSE,80012,스킬북,피어싱,4,allstat,1200,collectinfoone2/339,4,,,,,,,,,,,
1139,381,FALSE,80013,스킬북,매직볼트,1,allstat,300,collectinfoone2/339,4,,,,,,,,,,,
1140,382,FALSE,80013,스킬북,매직볼트,2,allstat,600,collectinfoone2/339,4,,,,,,,,,,,
1141,383,FALSE,80013,스킬북,매직볼트,3,allstat,900,collectinfoone2/339,4,,,,,,,,,,,
1142,384,FALSE,80013,스킬북,매직볼트,4,allstat,1200,collectinfoone2/339,4,,,,,,,,,,,
1143,385,TRUE,E6060,청파검(물리),무기,1,allstat,500,collectinfoone2/154,100,,,,,,,,,,,
1144,386,TRUE,E6068,청파검(물리),무기,1,allstat,700,collectinfoone2/154,100,,,,,,,,,,,
1145,387,TRUE,E6076,청파검(물리),무기,1,allstat,1000,collectinfoone2/154,100,,,,,,,,,,,
1146,388,TRUE,E6084,청파검(물리),무기,1,allstat,1300,collectinfoone2/154,100,,,,,,,,,,,
1147,389,TRUE,E6092,청파검(물리),무기,1,allstat,1600,collectinfoone2/154,100,,,,,,,,,,,
1148,390,TRUE,E6061,슬레이어(물리),무기,1,allstat,500,collectinfoone2/154,100,,,,,,,,,,,
1149,391,TRUE,E6069,슬레이어(물리),무기,1,allstat,700,collectinfoone2/154,100,,,,,,,,,,,
1150,392,TRUE,E6077,슬레이어(물리),무기,1,allstat,1000,collectinfoone2/154,100,,,,,,,,,,,
1151,393,TRUE,E6085,슬레이어(물리),무기,1,allstat,1300,collectinfoone2/154,100,,,,,,,,,,,
1152,394,TRUE,E6093,슬레이어(물리),무기,1,allstat,1600,collectinfoone2/154,100,,,,,,,,,,,
1153,395,TRUE,E6062,청화도(평타),무기,1,allstat,500,collectinfoone2/154,100,,,,,,,,,,,
1154,396,TRUE,E6070,청화도(평타),무기,1,allstat,700,collectinfoone2/154,100,,,,,,,,,,,
1155,397,TRUE,E6078,청화도(평타),무기,1,allstat,1000,collectinfoone2/154,100,,,,,,,,,,,
1156,398,TRUE,E6086,청화도(평타),무기,1,allstat,1300,collectinfoone2/154,100,,,,,,,,,,,
1157,399,TRUE,E6094,청화도(평타),무기,1,allstat,1600,collectinfoone2/154,100,,,,,,,,,,,
1158,400,TRUE,E6063,헬파이어(치명물리),무기,1,allstat,500,collectinfoone2/154,100,,,,,,,,,,,
1159,401,TRUE,E6071,헬파이어(치명물리),무기,1,allstat,700,collectinfoone2/154,100,,,,,,,,,,,
1160,402,TRUE,E6079,헬파이어(치명물리),무기,1,allstat,1000,collectinfoone2/154,100,,,,,,,,,,,
1161,403,TRUE,E6087,헬파이어(치명물리),무기,1,allstat,1300,collectinfoone2/154,100,,,,,,,,,,,
1162,404,TRUE,E6095,헬파이어(치명물리),무기,1,allstat,1600,collectinfoone2/154,100,,,,,,,,,,,
1163,405,TRUE,E6064,이그니시아(마법),무기,1,allstat,500,collectinfoone2/154,100,,,,,,,,,,,
1164,406,TRUE,E6072,이그니시아(마법),무기,1,allstat,700,collectinfoone2/154,100,,,,,,,,,,,
1165,407,TRUE,E6080,이그니시아(마법),무기,1,allstat,1000,collectinfoone2/154,100,,,,,,,,,,,
1166,408,TRUE,E6088,이그니시아(마법),무기,1,allstat,1300,collectinfoone2/154,100,,,,,,,,,,,
1167,409,TRUE,E6096,이그니시아(마법),무기,1,allstat,1600,collectinfoone2/154,100,,,,,,,,,,,
1168,410,TRUE,E6065,립헬,무기,1,allstat,500,collectinfoone2/154,100,,,,,,,,,,,
1169,411,TRUE,E6073,립헬,무기,1,allstat,700,collectinfoone2/154,100,,,,,,,,,,,
1170,412,TRUE,E6081,립헬,무기,1,allstat,1000,collectinfoone2/154,100,,,,,,,,,,,
1171,413,TRUE,E6089,립헬,무기,1,allstat,1300,collectinfoone2/154,100,,,,,,,,,,,
1172,414,TRUE,E6097,립헬,무기,1,allstat,1600,collectinfoone2/154,100,,,,,,,,,,,
1173,415,TRUE,E6066,러브(마법) 사냥용,무기,1,allstat,500,collectinfoone2/154,100,,,,,,,,,,,
1174,416,TRUE,E6074,러브(마법) 사냥용,무기,1,allstat,700,collectinfoone2/154,100,,,,,,,,,,,
1175,417,TRUE,E6082,러브(마법) 사냥용,무기,1,allstat,1000,collectinfoone2/154,100,,,,,,,,,,,
1176,418,TRUE,E6090,러브(마법) 사냥용,무기,1,allstat,1300,collectinfoone2/154,100,,,,,,,,,,,
1177,419,TRUE,E6098,러브(마법) 사냥용,무기,1,allstat,1600,collectinfoone2/154,100,,,,,,,,,,,
1178,420,TRUE,E6067,라그나로크(스킬 사용 시 플레임),무기,1,allstat,500,collectinfoone2/154,100,,,,,,,,,,,
1179,421,TRUE,E6075,라그나로크(스킬 사용 시 플레임),무기,1,allstat,700,collectinfoone2/154,100,,,,,,,,,,,
1180,422,TRUE,E6083,라그나로크(스킬 사용 시 플레임),무기,1,allstat,1000,collectinfoone2/154,100,,,,,,,,,,,
1181,423,TRUE,E6091,라그나로크(스킬 사용 시 플레임),무기,1,allstat,1300,collectinfoone2/154,100,,,,,,,,,,,
1182,424,TRUE,E6099,라그나로크(스킬 사용 시 플레임),무기,1,allstat,1600,collectinfoone2/154,100,,,,,,,,,,,
1183,425,TRUE,E6100,카이트 실드★,보조무기,1,allstat,500,collectinfoone2/154,101,,,,,,,,,,,
1184,426,TRUE,E6104,카이트 실드★,보조무기,1,allstat,600,collectinfoone2/154,101,,,,,,,,,,,
1185,427,TRUE,E6108,카이트 실드★,보조무기,1,allstat,700,collectinfoone2/154,101,,,,,,,,,,,
1186,428,TRUE,E6112,카이트 실드★,보조무기,1,allstat,800,collectinfoone2/154,101,,,,,,,,,,,
1187,429,TRUE,E6116,카이트 실드★,보조무기,1,allstat,900,collectinfoone2/154,101,,,,,,,,,,,
1188,430,TRUE,E6101,사브레★,보조무기,1,allstat,500,collectinfoone2/154,101,,,,,,,,,,,
1189,431,TRUE,E6105,사브레★,보조무기,1,allstat,600,collectinfoone2/154,101,,,,,,,,,,,
1190,432,TRUE,E6109,사브레★,보조무기,1,allstat,700,collectinfoone2/154,101,,,,,,,,,,,
1191,433,TRUE,E6113,사브레★,보조무기,1,allstat,800,collectinfoone2/154,101,,,,,,,,,,,
1192,434,TRUE,E6117,사브레★,보조무기,1,allstat,900,collectinfoone2/154,101,,,,,,,,,,,
1193,435,TRUE,E6102,불의 정령★,보조무기,1,allstat,500,collectinfoone2/154,101,,,,,,,,,,,
1194,436,TRUE,E6106,불의 정령★,보조무기,1,allstat,600,collectinfoone2/154,101,,,,,,,,,,,
1195,437,TRUE,E6110,불의 정령★,보조무기,1,allstat,700,collectinfoone2/154,101,,,,,,,,,,,
1196,438,TRUE,E6114,불의 정령★,보조무기,1,allstat,800,collectinfoone2/154,101,,,,,,,,,,,
1197,439,TRUE,E6118,불의 정령★,보조무기,1,allstat,900,collectinfoone2/154,101,,,,,,,,,,,
1198,440,TRUE,E6103,횃불★,보조무기,1,allstat,500,collectinfoone2/154,101,,,,,,,,,,,
1199,441,TRUE,E6107,횃불★,보조무기,1,allstat,600,collectinfoone2/154,101,,,,,,,,,,,
1200,442,TRUE,E6111,횃불★,보조무기,1,allstat,700,collectinfoone2/154,101,,,,,,,,,,,
1201,443,TRUE,E6115,횃불★,보조무기,1,allstat,800,collectinfoone2/154,101,,,,,,,,,,,
1202,444,TRUE,E6119,횃불★,보조무기,1,allstat,900,collectinfoone2/154,101,,,,,,,,,,,